cod_inst,nome,ano,sr,grupo,labor,fixed,equity,deposits,interbank,npl,npl_lag,unused,profit,unused_lag,profit_lag,performing,invest,llp,nii,nonii
C0010045,BRADESCO,2015,S1,Privado nacional,22300.976336370964,18.852824514389326,34.655901810297856,76.0199089207829,27.44145660960377,8.601316859323367,7.67431974808953,128.6975688150819,6.66517904279451,143.62220983210509,6.084984820818542,110.38172505755607,81.28099129702393,7.533660657295242,8.600109082412908,6.574496442023247
C0010069,ITAU,2015,S1,Privado nacional,24295.91035131318,40.24225706377075,52.071065161399076,145.17608879084824,55.16335970131796,11.33770470877493,10.170517566208979,264.6642481656656,10.258959460331745,229.82057330037748,9.010576320297764,149.69123925547711,107.0141261371787,11.347350713016816,12.703210058281401,11.60603951579567
C0010083,SAFRA,2015,S2,Privado nacional,2640.403447865376,47.774706746295884,144.0855309850506,146.9738052080915,275.51886487334224,27.75023551214106,18.75900822998935,901.8284836498453,26.725927620171497,956.1117951410154,26.8983472514956,600.0523816579692,727.2530084501979,26.076642685613937,41.24356785749811,13.48820366158852
C0020107,JP MORGAN CHASE,2015,S3,Estrangeiro,1418.7574976320952,35.571899491095586,1201.4440995484804,701.3448228080437,1119.1370604501683,0.46453901257621344,2.0141126131886753,4952.344600457712,109.85878642610624,7448.126342954013,72.76697686327408,519.2604431772705,5053.604525247246,0.056574320612409135,369.7981759127026,133.22801459279134
C0020152,MERCANTIL DO BRASIL,2015,S3,Privado nacional,627.1714215869965,2.1037079357723574,6.878843458931973,70.58482501206883,1.8146271018567315,8.5675345150881,9.303414379035562,40.0759094476395,0.6703355061522952,45.31511516949758,-1.6665643360287734,65.48525299282387,7.126271843721467,7.178576244020856,20.739816833912236,1.749584262146533
C0030159,BANESTES,2015,S3,Público,534.0459331900158,3.5661412198890265,15.117758757918443,113.56881627143808,10.647761573982082,4.425175659258707,4.504349211839496,109.91365901948993,1.9651771033628973,80.41334084323698,1.8734816764389752,46.504200715670926,78.31703451066397,3.1817551878030255,10.15911171653392,3.4252113734906153
C0030173,BANRISUL,2015,S2,Público,2922.650445842727,2.92693184435303,20.289158979977437,124.7376533972213,17.17667367596197,6.972328757766626,5.781921814583988,52.91498189941951,2.7744708235822584,43.73563655484823,2.4588659452049417,93.93129153581296,66.25566305643117,1.7658123676119966,16.71491539211332,2.9101739247522005
C0030290,BMG,2015,S3,Privado nacional,272.7446114768974,157.8827346050172,261.40342729251785,418.6736838565977,50.156982932098224,38.46296904546511,78.68330417263608,380.03485913831855,15.69258018032118,466.46175088175806,28.949655067810035,679.0380021980756,218.29198590028713,38.783592236215824,114.67729750851889,12.351875264622395
C0030379,SANTANDER,2015,S1,Estrangeiro,11251.974070878694,11.097753567659234,37.45020062653687,91.60625400209598,37.180033955169606,10.143847029528255,10.401020129991197,203.4714732366523,4.721806213793525,170.1323793052095,1.6443279048282096,137.30903665400155,94.33101270637816,8.490476133199136,5.933212336617448,7.312707624332237
C0030403,CITIBANK,2015,S2,Estrangeiro,2244.3624564188053,13.300475876521814,105.63391947293802,203.8434524246713,169.14841148177945,14.912699155185871,17.808793410832187,512.5455956149204,12.290588494738554,452.78984464262237,1.8433781912438336,274.93434720389195,319.1675972740198,9.18877964017773,60.17761184916849,15.468162039195619
C0030771,UBS (BRASIL),2015,S3,Estrangeiro,2064.145069245131,651.2667162170595,3175.3578464584275,4246.254829940124,6703.161464822264,435.0462653199309,29.767631715046083,19194.525469895503,240.4812504759351,16168.83406936436,90.66344696072997,3011.5489583866283,7735.08648928057,463.79084659215636,950.4195473861096,746.4361532416139
C0031873,SOFISA,2015,S3,Privado nacional,96.54818441625713,10.448830748592949,86.15562290590617,312.2372896570204,31.37406322901498,4.945295505588148,7.253787236354653,106.08508464927819,10.461624731650502,89.21146876553448,4.231927915239232,234.14735454453714,186.89051019273808,3.081045212710353,23.0566545575792,2.139266356139037
C0031976,BRB,2015,S3,Público,1208.2739867472835,5.78379784944693,17.58246901926997,128.22425483426812,5.382115239966105,9.120396696991845,8.09575889700733,41.84651203864607,1.214875533531682,39.07473556525048,2.094947791467942,127.84362248815847,14.83509657806999,6.645498141531452,21.178594774529376,2.5264943006387908
C0032119,CCB,2015,S3,Estrangeiro,386.54896112001506,10.192072303440009,37.70725408739433,152.23895281569878,267.22032628237105,51.37194317696597,88.37988471168558,214.45485470420627,-25.235740189060955,200.27138710711736,-40.589621824665926,225.9774056440259,257.254605523241,50.45967383556037,23.809564258303585,3.560911106179571
C0041856,ABC-BRASIL,2015,S3,Estrangeiro,304.66741488879967,45.55648265943347,876.1423885856663,1492.5128244379184,2884.018327235327,87.03711882300303,31.699954024357538,2745.777718791152,129.4881600838516,2339.610274952706,116.6591382895848,2975.5338862838853,1963.9257353595822,76.34977885380576,58.79565002616122,69.50260896755134
C0049906,BB,2015,S1,Público,35590.21452556653,11.137383960699788,23.05082285156499,136.03748439467861,51.83084283966881,12.078755474944215,10.079400023081025,199.64401197464764,4.640757446518617,188.66157557897674,3.923025649857029,193.15321731970522,36.67767513798315,8.289515692439174,12.294323849978463,6.246116247772401
C0049944,BTG PACTUAL,2015,S1,Privado nacional,1913.2784574050404,3178.800412820052,3814.634281264618,17216.423589322138,1277.6459122221697,265.37472188377063,321.47470540338094,18559.74698865836,1090.6722390279417,14239.863485930478,702.7020498385168,1427.9913663428677,14329.225154651089,209.2897528518255,-1730.6257312485623,551.7726834877453
C0050201,MASTER,2015,S3,Privado nacional,37.69437998054749,6.198529010766091,23.341224899749637,304.46056951046484,0.3012354327822175,7.1378440766280695,5.54505291316539,242.96859015974962,-3.1484236359574354,176.15690202012638,0.6069606397125015,261.97244685042824,82.71419025460496,3.269192018468687,7.383161096277697,2.104512731763314
C0050304,PINE,2015,S3,Privado nacional,154.03089837285083,30.8635262624769,253.72690897067002,360.9438468811664,571.4227385860559,49.73797609731563,26.63390790633904,472.35756713231746,8.951571776731843,336.35983242169874,16.098044133005118,725.2466429957391,698.1567360112398,24.629466962274325,-4.908212662692074,17.11660418969846
C0051011,VOTORANTIM,2015,S2,Privado nacional,2392.1689675135603,68.47892401550938,949.65739335326,283.4478904455856,1225.0844488392481,517.149674259516,560.1363360390541,4022.2716619697735,60.061509816179075,2546.7193335584375,67.38814168963675,5564.531532190646,4111.249323413568,377.3207685703102,772.3117963529012,119.82678736833103
C0051255,BOFA MERRILL LYNCH,2015,S3,Estrangeiro,916.8599501336535,91.62491967447994,2595.6097165996566,3658.7495311211414,27.978363375028113,0.005081497425399474,0.0010803599909648691,16580.16521722226,387.20206509188813,10789.240508810413,253.72511340628762,1126.2991486514263,20819.01267468783,29.132813214128262,3455.2129652973886,980.9459470648129
C0051750,BANCO SICOOB,2015,S2,Privado nacional,136.56348753751462,56.952583358175644,595.3215535030627,1710.6740342764413,10443.921815121992,13.73679362873426,17.61692497666647,4222.619675035088,69.67770988895366,3273.7992582965435,46.23668806484009,6103.947958656719,4902.012526718625,4.511110672324786,202.82032308892485,201.29694271438157
C0051884,INTER,2015,S3,Privado nacional,98.0509945882445,0.3262320028253093,12.739793893983352,41.01541068897806,3.644713292052027,3.283578455820866,2.885651881290003,13.470523716010145,1.2402544711442067,11.533474941347563,1.2854368437238304,79.2474743819215,4.578170356862704,2.2570695731980517,11.166920856666962,0.5121770436165851
C0010045,BRADESCO,2016,S1,Privado nacional,25250.00851765241,21.703337673458282,30.728767783854337,71.3716203722145,17.887684438450613,10.882324110109735,8.601316859323367,120.06555393180493,4.582621068780951,128.6975688150819,6.66517904279451,93.6470179618454,90.19497798965915,7.353918047677106,20.075363528448147,5.885108192171411
C0010069,ITAU,2016,S1,Privado nacional,27159.16846966811,48.37162929236088,60.325479301437966,169.75433740884498,36.15804676445966,13.008889386814243,11.33770470877493,266.6499701938804,8.859080828381204,264.6642481656656,10.258959460331745,135.61481173639027,111.03819347033796,11.144052945615122,33.48064349472723,12.7596460962053
C0010083,SAFRA,2016,S2,Privado nacional,2836.6312791290284,54.86982329597029,139.5685064531143,171.07750194853747,187.92545676824292,22.28621886360558,27.75023551214106,906.2710256723345,24.929519191483482,901.8284836498453,26.725927620171497,596.1145868071517,573.169999629379,20.096199046534924,72.58782952518717,15.302178780053513
C0020107,JP MORGAN CHASE,2016,S3,Estrangeiro,1127.690671311738,30.667267262338175,1224.779625133093,865.9557716719308,2804.9158477057904,0.0,0.46453901257621344,6706.835227241143,111.01852528290071,4952.344600457712,109.85878642610624,326.7812290980511,2397.7774848332874,0.27013034411447623,-336.5772523474332,122.8615547029083
C0020152,MERCANTIL DO BRASIL,2016,S3,Privado nacional,620.4914395735022,2.1393855809841678,7.5945749791072705,59.125129326669864,0.6007505811085174,7.426617039446553,8.5675345150881,31.25502368748462,0.21712882869789754,40.0759094476395,0.6703355061522952,47.69943899354356,9.235179623003164,6.822711230972275,16.68372158743626,1.9553984369664281
C0030159,BANESTES,2016,S3,Público,549.7808588620087,3.561089760322558,15.55975836093153,114.70514525544564,6.871817451115279,4.54345803665044,4.425175659258707,185.04808807520575,1.9889176139693927,109.91365901948993,1.9651771033628973,41.70019833667449,86.62050434475138,2.328528749873763,9.747487307692063,3.4529640866418823
C0030173,BANRISUL,2016,S2,Público,2917.1955982344252,7.148549931362099,19.40509506908789,127.89317007526994,11.756281422458573,8.110032867754166,6.972328757766626,59.981476286214935,1.9873744626140766,52.91498189941951,2.7744708235822584,79.28532360361537,63.72036488632708,1.9586564843258896,14.484675975665015,2.9696618328030864
C0030290,BMG,2016,S3,Privado nacional,258.6706919693507,47.5094156784506,144.7769724655302,310.36446748322726,38.66898075549903,34.83046831147905,38.46296904546511,266.7603698576776,2.858321681854134,380.03485913831855,15.69258018032118,431.96006109293756,130.32405336269147,30.69604916775166,13.774050570754518,2.88705128422875
C0030379,SANTANDER,2016,S1,Estrangeiro,11679.375006772967,9.278313921348353,36.49666842063725,87.57564802492098,30.36433781285476,10.059392158879334,10.143847029528255,192.84809991655172,3.4476586637271414,203.4714732366523,4.721806213793525,129.0370013347706,103.3341153175066,8.067121595764203,24.49824456885454,7.5184214185911955
C0030403,CITIBANK,2016,S2,Estrangeiro,2144.7030171811534,6.7321138507690454,106.94532185753133,246.3371985305386,137.20237087214218,19.122038573677784,14.912699155185871,422.6137569481938,12.182634581445013,512.5455956149204,12.290588494738554,231.95165678119122,320.5310492624975,12.835579756095372,46.049418724783585,20.48650417180024
C0030771,UBS (BRASIL),2016,S3,Estrangeiro,968.8064439523371,883.9071353509049,6099.738205255141,7384.916186183418,10886.531793804099,538.9873457622164,435.0462653199309,45281.84703345958,329.3581364765352,19194.525469895503,240.4812504759351,4588.862592912834,10800.688065338685,678.8856099213546,-30.491944835301457,1277.822418360494
C0031873,SOFISA,2016,S3,Privado nacional,104.09697257543337,9.58814048586983,86.45940601426437,350.6911058566833,26.132791197562984,6.23914491573215,4.945295505588148,96.24661500748293,9.321158269298232,106.08508464927819,10.461624731650502,271.04795310768424,196.41572321444826,2.518170173867013,28.90358253107789,2.6530243383174588
C0031976,BRB,2016,S3,Público,1297.1180550259983,6.06302662742708,15.540695443407087,115.86439213835264,6.471215271706215,7.522120987208113,9.120396696991845,36.024186975028776,2.6541758224230074,41.84651203864607,1.214875533531682,116.33856235395695,17.485794138691045,4.493195639409364,21.408130607753886,2.463516458326364
C0032119,CCB,2016,S3,Estrangeiro,387.4780158673123,10.623673162989098,64.51762714490184,100.78473131944789,372.92947895397657,29.90863443575031,51.37194317696597,346.970601030476,-14.511210190258074,214.45485470420627,-25.235740189060955,225.71181835138887,381.61765287620653,-31.997064685503943,-90.9308163102458,3.133574707446424
C0041856,ABC-BRASIL,2016,S3,Estrangeiro,309.40753507149276,45.60820419851724,934.3626554644618,1570.1289209936974,2689.4011017051075,140.51697628100595,87.03711882300303,2509.689384417335,131.29717859503893,2745.777718791152,129.4881600838516,3059.2070329727476,2462.1054012637064,64.61918534173955,85.56520422369427,82.8569914944006
C0049906,BB,2016,S1,Público,36454.490208242205,10.659961925006087,22.871975146724374,126.29178471826057,36.89997278970497,12.997519374403534,12.078755474944215,201.79790236005744,2.4395238027031128,199.64401197464764,4.640757446518617,164.57338500638838,34.9061295375287,8.533424122675852,14.3061282057151,6.178324363250317
C0049944,BTG PACTUAL,2016,S1,Privado nacional,1762.9260217255605,2838.0397646753154,4078.0121460881314,2460.780043341353,832.0989013147192,163.2673814311981,265.37472188377063,13080.269276590898,786.2857221257183,18559.74698865836,1090.6722390279417,1515.0131961752722,12131.882720799573,154.6004301584658,1002.6631917283565,502.4633958600971
C0050201,MASTER,2016,S3,Privado nacional,36.96644077101211,1.950766175036024,29.646486275363937,445.01163633985885,0.0,21.412336535275625,7.1378440766280695,234.75221045602532,-6.111310237206653,242.96859015974962,-3.1484236359574354,308.63919983538153,183.21964642753312,9.132267091194615,8.555091435557165,1.7235256976692828
C0050304,PINE,2016,S3,Privado nacional,135.62301709524095,46.327654754715745,264.8646317329468,589.4501278033873,273.9368963885589,63.59806341921497,49.73797609731563,484.07888078706964,-3.2989704981779133,472.35756713231746,8.951571776731843,756.792031168245,633.1750467988055,20.237382448909,-5.912964938398178,16.51736702231445
C0051011,VOTORANTIM,2016,S2,Privado nacional,2116.4651890685027,96.87220421605247,1236.8799410851968,378.77844217574346,1056.9436810382897,531.6997779718059,517.149674259516,4447.573843194462,62.50745346960425,4022.2716619697735,60.061509816179075,6179.525687421193,4574.877418904636,377.56940049925976,747.0478049982005,164.841004506591
C0051255,BOFA MERRILL LYNCH,2016,S3,Estrangeiro,835.927425251601,78.48388757770203,3296.5088063016747,11035.631495562176,290.5287842404571,0.0,0.005081497425399474,12507.613916494613,624.6529641744858,16580.16521722226,387.20206509188813,1390.9157023316577,14586.060696530098,1.1945579076155246,4045.6207994618403,968.569907017368
C0051750,BANCO SICOOB,2016,S2,Privado nacional,151.60726409084467,66.03228870630191,720.0049762071839,1883.214808184124,13246.444564272373,11.417397226399194,13.73679362873426,7363.258547017442,87.8550400269326,4222.619675035088,69.67770988895366,6200.708302363978,5759.579005962729,6.0233499820099965,196.91842638717267,233.14194412805577
C0051884,INTER,2016,S3,Privado nacional,97.95063449841948,0.3090863816773439,13.95131002181235,59.31905736896822,1.9005050709702247,5.251675124405992,3.283578455820866,28.112852476481653,1.02746183528725,13.470523716010145,1.2402544711442067,89.61447740411049,9.992365707358175,3.4163650884870895,11.778541714807336,0.5910836893082486
C0010045,BRADESCO,2017,S1,Privado nacional,28487.457540129293,26.53521979505232,36.474610850018614,86.74569305992483,16.92276352791931,10.545133966240375,10.882324110109735,126.41249240722591,4.81272153231631,120.06555393180493,4.582621068780951,97.42644476628607,96.47100761667463,8.259235644215778,19.00761823315902,7.066733039866288
C0010069,ITAU,2017,S1,Privado nacional,28512.773310489232,51.481492364994786,65.25421091840579,205.72698438656784,29.43186501940405,12.202628709833517,13.008889386814243,268.4586100569792,9.806156620683788,266.6499701938804,8.859080828381204,135.61130066677575,130.5276202654398,8.533640790672187,30.961113010416135,13.869531899910562
C0010083,SAFRA,2017,S2,Privado nacional,3359.3761033812902,61.35101030022881,139.5901716092654,212.0374458100631,209.60436096495624,19.3990086256006,22.28621886360558,779.4505162907922,27.358889646709063,906.2710256723345,24.929519191483482,692.4182960923047,569.7824980083453,10.499489369040155,64.67881346626085,16.86515265104093
C0020107,JP MORGAN CHASE,2017,S3,Estrangeiro,1020.5535774333684,28.87274880341238,1205.8868750035065,1479.0740205639088,2096.642380385322,0.0,0.0,7343.054384776395,71.32527022453776,6706.835227241143,111.01852528290071,284.4630217463792,1708.9331444622337,-0.419983519155392,229.1057773167614,135.32942761941436
C0020152,MERCANTIL DO BRASIL,2017,S3,Privado nacional,598.2864610055248,2.771003567802762,8.179363950663934,65.1557627726408,0.5893088725262311,9.949973688357794,7.426617039446553,31.6954899948219,0.28370866543560386,31.25502368748462,0.21712882869789754,50.84641628347049,11.666879117674188,6.939379242070466,20.799651861554846,2.4834521580528666
C0030159,BANESTES,2017,S3,Público,551.4773961007743,3.779574912228779,16.695352562329152,118.31643171171626,4.506799425842025,4.392206916454652,4.54345803665044,125.0355366146579,2.099337628469633,185.04808807520575,1.9889176139693927,42.73333238495541,102.73832394980933,1.941896448067113,9.94561120290064,3.4963512281075957
C0030173,BANRISUL,2017,S2,Público,3006.666070863106,7.248751955139549,20.398199324559467,136.25367327713144,8.95091803106974,8.103451794943725,8.110032867754166,59.26027760614006,3.0543603778287562,59.981476286214935,1.9873744626140766,80.32602863305961,68.93645564056045,1.2991390565474332,14.876679782788598,3.118552291893769
C0030290,BMG,2017,S3,Privado nacional,284.63496204396665,38.530035004935016,138.13801509699266,445.5113402071123,32.78184574719672,34.79057208309158,34.83046831147905,304.10982753774937,1.412083847104181,266.7603698576776,2.858321681854134,420.84881491716664,110.19388611740793,24.084780326026006,86.0551852211392,2.0498143785682648
C0030379,SANTANDER,2017,S1,Estrangeiro,11530.737505966224,8.789569245333341,36.15974634095183,118.71958439087463,31.036787224870565,10.926955010272087,10.059392158879334,162.63110031756395,4.863835468790991,192.84809991655172,3.4476586637271414,135.67250476779554,99.7542138067797,6.604869246932588,21.568381535590323,8.303610886318376
C0030403,CITIBANK,2017,S2,Estrangeiro,1937.490953392304,3.8306365080904303,100.78534685639595,169.15367582624967,144.0860638226676,4.575286733916658,19.122038573677784,387.1975436607905,9.70981218277536,422.6137569481938,12.182634581445013,128.80562911941763,274.29665529761,5.0020672971167635,44.94933547540786,21.538772537273573
C0030771,UBS (BRASIL),2017,S3,Estrangeiro,1121.7720873772907,488.96522383976327,5142.062605634071,2953.0679221696982,9829.173748054724,490.3743615602458,538.9873457622164,34656.01633160549,-731.217472854479,45281.84703345958,329.3581364765352,4760.867276333677,12985.29615231869,479.10920777079315,1193.443390982382,1342.748223492347
C0031873,SOFISA,2017,S3,Privado nacional,104.35186390535323,9.087030652595912,78.85687934360672,320.98114618169706,19.48302312432968,4.801346452743047,6.23914491573215,87.34469284475698,10.305755595904163,96.24661500748293,9.321158269298232,299.93961611906707,127.50528885889464,2.2504636683749575,33.77930171732966,3.3960393038579553
C0031976,BRB,2017,S3,Público,1193.126631050607,6.471255585480568,16.225444423164333,121.21346192175791,5.760657899929099,5.4292262164587966,7.522120987208113,48.701172029551245,3.3185759189135524,36.024186975028776,2.6541758224230074,104.69991454820563,17.077281483212627,3.245732166460572,22.444103368368918,2.63052987417455
C0032119,CCB,2017,S3,Estrangeiro,405.25824378634496,19.29762846152232,348.26644051494645,553.9460662660912,1345.7617931825096,118.51347189856148,29.90863443575031,887.920104903601,-77.30499288501477,346.970601030476,-14.511210190258074,733.6577687386199,1683.950654668594,-118.62073349501671,-172.19226092845656,12.503099879099965
C0041856,ABC-BRASIL,2017,S3,Estrangeiro,318.548034652226,46.464152428207875,1023.1236478245203,1672.4906754166063,2203.6275429000075,100.13885501064965,140.51697628100595,3282.8072833624733,130.44241945993042,2509.689384417335,131.29717859503893,3121.1031728392263,2369.529827684682,50.64662212732544,209.48829665724088,95.60642337381094
C0049906,BB,2017,S1,Público,31105.30963602595,11.666626341912401,28.851044407324707,139.11963984969216,40.68145061388683,13.82826619585133,12.997519374403534,213.10151360947094,3.644641117183111,201.79790236005744,2.4395238027031128,176.76122030365335,44.018727566091,8.32011500951446,14.636012851213412,7.292616650613805
C0049944,BTG PACTUAL,2017,S1,Privado nacional,826.1741860762679,1834.3141523061474,4109.6458146032555,3072.9489479590443,1067.095435979625,195.68463551942614,163.2673814311981,15678.17653474768,461.12964755994335,13080.269276590898,786.2857221257183,1694.6138039737875,13583.314333690609,-36.09254254189066,156.56086131041727,316.7467080519788
C0050201,MASTER,2017,S3,Privado nacional,31.39487050532933,4.037380839230519,80.69290523375814,515.3023141965638,0.0,14.380289803421393,21.412336535275625,179.46900418610474,3.121301593741935,234.75221045602532,-6.111310237206653,209.29388207508956,391.96501665317675,4.67245761125489,36.6474857793808,1.5464072208169224
C0050304,PINE,2017,S3,Privado nacional,138.71698837549968,50.64305963007648,202.14088097661997,846.150033542247,190.1128404697883,155.84019648539334,63.59806341921497,665.4745393474722,-58.48201475571711,484.07888078706964,-3.2989704981779133,686.0166585198651,559.4980534307726,83.50973631277733,24.661064920825048,17.86164953666246
C0051011,VOTORANTIM,2017,S2,Privado nacional,1694.7537912124387,197.7408746412863,1726.4935614384815,1256.7525636601279,1189.5947691843999,718.4681153324065,531.6997779718059,5374.6631726577225,113.3587342792443,4447.573843194462,62.50745346960425,8348.216019656806,4501.103571972453,503.30838044541787,1099.8170992604953,261.59043711222506
C0051255,BOFA MERRILL LYNCH,2017,S3,Estrangeiro,776.7711924308029,70.02668261861282,3733.956655484336,16561.030406930367,596.9801082621215,0.0,0.0,20001.735557294338,460.2648295369086,12507.613916494613,624.6529641744858,1110.644259488268,9321.633301116748,-3.2180186359529555,1261.4431689796234,1004.7586425125278
C0051750,BANCO SICOOB,2017,S2,Privado nacional,160.7868513501622,93.21308904483232,809.5042359355712,2256.875518041371,15387.009153202534,9.791480673301123,11.417397226399194,14625.821770736533,90.673041803186,7363.258547017442,87.8550400269326,2987.424728505735,6245.676208897762,11.733957014590509,221.99613909725133,298.5886659605308
C0051884,INTER,2017,S3,Privado nacional,118.6888643221647,0.41601207149539576,15.705781743810334,64.03061036201973,1.43124600185177,4.046398873589806,5.251675124405992,34.4205888141855,1.9750910385161509,28.112852476481653,1.02746183528725,102.23488174061849,13.01078526379447,2.046430921700249,11.71274513163785,0.838057826052901
C0010045,BRADESCO,2018,S1,Privado nacional,24660.358475456105,27.212960705751286,39.35403720929661,111.08785263155136,17.853091186519652,9.53411715435273,10.545133966240375,122.99027150974204,6.188825195537818,126.41249240722591,4.81272153231631,107.96236145202579,113.7433298355506,5.904904919925852,15.488112583478998,7.536488193154769
C0010069,ITAU,2018,S1,Privado nacional,27450.600640003733,46.30998055199185,64.26918016078513,224.98923693564305,30.231710885401125,10.77440401943218,12.202628709833517,305.94539974815046,9.929244820849796,268.4586100569792,9.806156620683788,139.62976389056922,120.92069379047732,6.906898355217038,22.81831504416541,14.579851511718319
C0010083,SAFRA,2018,S2,Privado nacional,3749.2903251245602,70.00880349733806,161.2593774851291,306.7197341260543,192.39963501146326,15.971574556074861,19.3990086256006,957.6504160312714,29.344772127416864,779.4505162907922,27.358889646709063,814.790801405222,466.032815933486,8.55193191231292,62.94393841409083,19.39187493426258
C0020107,JP MORGAN CHASE,2018,S3,Estrangeiro,1051.1911471073688,31.475169570741674,1449.417033249826,1829.4123712800151,4286.5340984123695,0.0,0.0,9500.271233292546,78.1164089046245,7343.054384776395,71.32527022453776,560.3699468498494,5023.279011819604,0.9068036147737335,260.1177870335506,187.06633511391365
C0020152,MERCANTIL DO BRASIL,2018,S3,Privado nacional,566.5293829082451,2.8270918449309224,8.215981327007858,65.45031610781193,0.44952605467218726,8.73868609472583,9.949973688357794,32.104276208176856,0.564298938837483,31.6954899948219,0.28370866543560386,45.9514794526069,11.440091919531278,5.307134365188879,18.43786872769863,2.4711623514186942
C0030159,BANESTES,2018,S3,Público,507.9326442348134,3.352650133565885,18.23011382519783,129.22445612410067,5.304733349101529,3.8840139991429408,4.392206916454652,179.93773748791602,2.2122136575501803,125.0355366146579,2.099337628469633,46.326075544402855,113.76138234655427,1.5155272839458025,10.283718112380923,4.0133302325792535
C0030173,BANRISUL,2018,S2,Público,3044.0236042699507,7.378672704619844,20.34875352683051,141.98358720459396,7.625111154794278,8.320832974046668,8.103451794943725,72.53765593539619,2.932723638760582,59.26027760614006,3.0543603778287562,84.57215168593791,56.078044451268816,-0.5613206417438334,15.53158057326089,3.385445968262784
C0030290,BMG,2018,S3,Privado nacional,279.24954563636595,37.12359319577098,135.71752982328132,483.32276529842744,30.14679615536192,30.688475704646734,34.79057208309158,265.4553019306897,8.777166732843783,304.10982753774937,1.412083847104181,406.0165529965094,125.80215321815024,26.142353794359263,114.04566953735952,2.2562480664145363
C0030379,SANTANDER,2018,S1,Estrangeiro,11062.72931242673,9.062488741652617,37.61408477785019,140.37497184220905,26.935374852112606,10.548977623171202,10.926955010272087,196.72104266194526,6.9695211577057,162.63110031756395,4.863835468790991,145.07554106215568,101.67837425399641,6.723492441648518,17.79953808208438,8.318278687513365
C0030403,CITIBANK,2018,S2,Estrangeiro,1097.6213377864333,3.3560064651011072,103.16610129487783,192.25848432723498,175.22263522189635,1.1306892556706347,4.575286733916658,463.45035376611736,15.274306113594413,387.1975436607905,9.70981218277536,143.8440614683824,325.23226058291567,0.16717435784587142,29.483038399034896,16.039876753263854
C0030771,UBS (BRASIL),2018,S3,Estrangeiro,869.7845797276146,223.886083554204,5469.841036845646,2199.680047301884,10708.440804976488,302.17586719978135,490.3743615602458,32287.770894860736,278.65494732314943,34656.01633160549,-731.217472854479,4372.676540991358,10253.013490476746,-250.09059139005518,475.1413096919494,1237.5677221642654
C0031873,SOFISA,2018,S3,Privado nacional,114.19483080611461,8.102572660132614,67.76213261201418,338.0336542183339,7.94125681980933,5.034640996451366,4.801346452743047,117.22004275977284,9.97754001501796,87.34469284475698,10.305755595904163,313.69107890217697,193.59029391587558,3.2177202855485256,31.721994290576863,3.7025218911201216
C0031976,BRB,2018,S3,Público,1153.7647611187367,6.240557409606554,16.737707666139105,130.68931108069575,4.497878457180815,5.840640686114474,5.4292262164587966,41.13898223950971,3.0617374339740007,48.701172029551245,3.3185759189135524,98.59712766211055,36.9344635640796,2.4428982767631298,22.38723202219025,2.6258289704917703
C0032119,CCB,2018,S3,Estrangeiro,271.49861880439823,13.934288667180668,297.6919140072367,562.5302431179281,1318.8350459790283,88.97723817934597,118.51347189856148,1191.8292851398135,-35.52315679990736,887.920104903601,-77.30499288501477,838.9102632635523,1798.7933443171314,-0.3608568335572503,28.185494557208898,8.817496224355281
C0041856,ABC-BRASIL,2018,S3,Estrangeiro,314.1035857055194,38.24868555060596,910.6671479587857,1358.559819883887,1948.5447443031471,92.65558336555263,100.13885501064965,3146.0158404387967,103.87027611554437,3282.8072833624733,130.44241945993042,2650.726401966029,2168.164689179404,28.842128786204924,93.41688740270632,90.29779475960561
C0049906,BB,2018,S1,Público,30740.420061450248,10.967931104351162,29.163801567071545,142.85562070803147,38.32784040379357,11.378935236720935,13.82826619585133,217.07211995190613,4.0634222752547835,213.10151360947094,3.644641117183111,175.65121650186305,46.26524066302171,6.536022911771907,14.890778671782376,7.427814395888597
C0049944,BTG PACTUAL,2018,S1,Privado nacional,934.4533109417634,2380.6283714056763,4001.6433807642547,5463.759170063323,1138.8695528281773,191.5349288979823,195.68463551942614,18374.611296962332,272.3528531145657,15678.17653474768,461.12964755994335,2081.6836358346595,10532.042379975022,30.63720663570902,-752.8316015669595,394.2323552895874
C0050201,MASTER,2018,S3,Privado nacional,45.98405806091182,62.517293682433014,113.35422437668262,1401.0919256538523,0.0,27.8540076014959,14.380289803421393,617.2939491022956,-2.200549110567365,179.46900418610474,3.121301593741935,562.450026008112,881.5613269889275,17.89471937710051,24.550945503866398,48.30659681779049
C0050304,PINE,2018,S3,Privado nacional,144.89517739305342,213.5255887974592,258.997750617294,1576.7236308956412,120.77640574249904,157.5525851920426,155.84019648539334,949.495742958238,-17.800340925295952,665.4745393474722,-58.48201475571711,713.4916207587023,958.3648019627119,-23.787465880372068,-3.7425569388805373,17.85994367894616
C0051011,VOTORANTIM,2018,S2,Privado nacional,1786.8993808235928,335.5809718149726,1397.2779252624928,1506.8528214126595,887.0301077651693,572.0786032105532,718.4681153324065,3962.230656981746,158.18384851380114,5374.6631726577225,113.3587342792443,6689.805179383967,4529.460342503129,300.8808000984001,903.1473166052967,205.6482232786634
C0051255,BOFA MERRILL LYNCH,2018,S3,Estrangeiro,789.4243560338067,97.92685657628354,3870.6833775406276,10999.367037188384,860.3803683766808,0.0,0.0,16003.107404044757,343.62847319707515,20001.735557294338,460.2648295369086,1038.2211028652257,8881.839685000501,-0.3373287749130979,1547.2468039204525,1063.3763768906242
C0051750,BANCO SICOOB,2018,S2,Privado nacional,179.75844289066183,102.60702941055536,886.5642107569024,2906.563185852859,16230.169818190838,32.333665124337145,9.791480673301123,16650.758114896696,113.82213713104223,14625.821770736533,90.673041803186,3676.329167344245,6062.511269045266,16.224022805074412,237.3671851346271,340.5435467802234
C0051884,INTER,2018,S3,Privado nacional,170.13356943050837,2.6996305885272607,56.58721217153987,142.77083262637166,1.9073354146437385,5.68066939887879,4.046398873589806,141.63231872417845,4.042391201221517,34.4205888141855,1.9750910385161509,193.76684741534154,18.74625680001998,3.247035705189091,25.779356653227573,1.985689385841733
C0010045,BRADESCO,2019,S1,Privado nacional,28079.68968688224,29.113805357642438,43.03346540604342,118.86054353182294,16.661768357346613,10.079320887210093,9.53411715435273,119.16913297707362,7.256410714975411,122.99027150974204,6.188825195537818,123.11913407828334,106.02040672477736,6.003653137529129,17.601589166089,7.937950840054138
C0010069,ITAU,2019,S1,Privado nacional,26983.853380768054,53.653523141366115,68.85109688030899,265.28085376019146,37.01216524475403,12.558018172527943,10.77440401943218,312.769423694595,12.931237704109071,305.94539974815046,9.929244820849796,169.717492886986,163.63963778086006,11.685580272266598,33.95985949934538,17.09160714190351
C0010083,SAFRA,2019,S2,Privado nacional,3981.819432746308,77.65866774429796,149.1066343126034,567.6557124064686,152.17214765863977,27.229571075047044,15.971574556074861,848.7568540330914,27.74271614490576,957.6504160312714,29.344772127416864,827.7796411567149,416.5049826142299,5.640219180935204,72.26764270462664,20.206096014377753
C0020107,JP MORGAN CHASE,2019,S3,Estrangeiro,1092.9348689503183,26.888671645255908,1568.9434955424942,1728.259412178072,4416.164543589737,0.0,0.0,10671.451056313183,181.37930692806597,9500.271233292546,78.1164089046245,782.6992041471087,2592.957653310435,1.2989293798720225,295.4100267910723,281.20905544900927
C0020152,MERCANTIL DO BRASIL,2019,S3,Privado nacional,609.3116267875822,2.9102909851100507,8.763606951887741,63.3955202303782,0.5169407397712241,6.654375256436069,8.73868609472583,40.0013011353693,1.1680726486593094,32.104276208176856,0.564298938837483,38.98860459656566,11.871377363278766,3.944221992745697,17.782259421928476,2.3031413705641186
C0030159,BANESTES,2019,S3,Público,495.36278072442803,3.8828683025239976,19.661814027407644,142.19626993392268,2.6483165420775787,4.179584559687765,3.8840139991429408,115.72616470343768,2.6128891021878977,179.93773748791602,2.2122136575501803,47.65483943426735,124.7134287036108,1.8400551088497454,10.653990917402172,4.409849873399722
C0030173,BANRISUL,2019,S2,Público,2801.6461685751533,7.655595830045264,21.51862827058136,146.9389391618885,7.502558341452733,8.5227686987216,8.320832974046668,63.51857888391091,3.712188909846294,72.53765593539619,2.932723638760582,89.8780886552413,68.03120058084082,0.12414165882449202,15.110448704572356,3.4723193310639506
C0030290,BMG,2019,S3,Privado nacional,275.2061424146904,27.709384080393775,185.86057175943716,471.46093960016276,35.32477849798291,27.856850420427765,30.688475704646734,259.537233705308,16.95537743509991,265.4553019306897,8.777166732843783,438.79050067319844,104.31986694985325,29.38872408213826,129.18850828727344,2.0694130059131184
C0030379,SANTANDER,2019,S1,Estrangeiro,10398.380105347274,11.202099155264623,37.91563999520438,141.2146358558276,30.498463452061603,10.81345296261845,10.548977623171202,193.80714916640432,7.627628273749234,196.72104266194526,6.9695211577057,154.67828941657712,99.98902257169462,7.661103658649113,22.028417174038815,8.447119817042195
C0030403,CITIBANK,2019,S2,Estrangeiro,1132.5236180051652,5.357087652112368,174.41315798151493,376.62465311656416,313.40718457695795,4.294392762022195,1.1306892556706347,928.5984646176549,28.11126971811431,463.45035376611736,15.274306113594413,246.09726688258402,628.4114608140197,3.9206162381185936,43.50477814230919,20.71914178211081
C0030771,UBS (BRASIL),2019,S3,Estrangeiro,986.0548140379044,123.93240448090819,6500.673411687192,1403.6766421657976,9593.864108551998,264.9251836276327,302.17586719978135,50962.07016558739,1316.2667302706823,32287.770894860736,278.65494732314943,5688.055209082901,18478.34703760743,-118.37171712918828,779.8257901716972,1743.43900122112
C0031873,SOFISA,2019,S3,Privado nacional,123.46889058997553,7.694782778094754,71.90845359945226,291.2599505797469,11.258457555174601,7.593407173621893,5.034640996451366,95.32107869573487,11.478722982640765,117.22004275977284,9.97754001501796,370.4240632529545,184.69284294205363,4.882343737572346,37.90642008879188,4.180028471564233
C0031976,BRB,2019,S3,Público,1191.6120364511012,6.372122098217893,20.202336343833732,140.7155925735639,1.4937443624480258,4.622223568951265,5.840640686114474,32.56873936741033,4.870395198900772,41.13898223950971,3.0617374339740007,116.04305406232696,38.52127673322133,1.4158877572726078,22.492883917647305,2.3734717843953352
C0032119,CCB,2019,S3,Estrangeiro,286.91277425847596,9.466629451942563,284.4477805653674,581.1382556017655,918.6532490099622,76.95018245300871,88.97723817934597,849.9296204733943,-0.8409039400742534,1191.8292851398135,-35.52315679990736,1179.8866347270275,934.430081156356,38.06894482147813,102.12614806158138,6.514209538346428
C0041856,ABC-BRASIL,2019,S3,Estrangeiro,331.34512799944446,25.491443559430344,577.9437688011401,771.1088724948634,1251.3859392768607,61.71713477188244,92.65558336555263,1992.8355413857287,75.57683251555606,3146.0158404387967,103.87027611554437,2070.453814331804,1267.76956743322,11.54201590074626,130.07001905554336,50.865969017139285
C0049906,BB,2019,S1,Público,31033.23372478205,10.851540183263173,32.58580508786367,159.29259480853023,35.634556793264636,13.584867366360662,11.378935236720935,234.00947124601308,5.957531843134043,217.07211995190613,4.0634222752547835,177.1230450546431,65.11977723898198,7.3749454803919425,15.92229569679554,8.036455015919021
C0049944,BTG PACTUAL,2019,S1,Privado nacional,899.9414293027169,15073.640067212524,30512.748362445414,39422.38549112116,6363.272327493794,2616.276942544831,191.5349288979823,124596.26753400959,5366.579128980176,18374.611296962332,272.3528531145657,21741.306268897773,85970.53977589373,711.879368507076,8363.546515943599,3943.0780805185427
C0050201,MASTER,2019,S3,Privado nacional,59.555185613605055,41.19245943488256,157.0282874390742,1863.1490587588578,0.0,21.98908593240372,27.8540076014959,958.465549595705,27.519193734307716,617.2939491022956,-2.200549110567365,602.3643293498957,1090.5385466273738,3.285828734247316,226.54916994347064,5.029894509300107
C0050304,PINE,2019,S3,Privado nacional,118.52536331571017,190.93905118282217,240.59154099166176,1651.204145193809,54.34062830996493,129.9063306285598,157.5525851920426,627.7689998682274,-33.81444648220942,949.495742958238,-17.800340925295952,870.9157453548878,1339.9354805263597,26.330902909041534,0.8034551712691421,10.389429402557123
C0051011,VOTORANTIM,2019,S2,Privado nacional,2270.8002603638124,268.3503327319626,1285.4293025871384,1973.5565462705372,704.542298279269,664.2070444119043,572.0786032105532,2491.280447418214,178.1679731696626,3962.230656981746,158.18384851380114,6322.625987334366,3821.8596378454235,398.9391974373379,852.8901827918802,181.17231120995078
C0051255,BOFA MERRILL LYNCH,2019,S3,Estrangeiro,864.1574609584943,86.25158095022293,4103.869538678797,11264.708132434465,336.0046921938419,0.0,0.0,14416.00595622848,610.687923083063,16003.107404044757,343.62847319707515,838.3427374439559,13286.494695525327,0.11238867889459435,1827.1067318977919,1342.2941074218927
C0051750,BANCO SICOOB,2019,S2,Privado nacional,196.69110447492702,82.65955851662942,685.2298809069895,2576.652439799146,12073.08296755188,32.16674995776089,32.333665124337145,10863.352496472968,45.75538951027286,16650.758114896696,113.82213713104223,3400.811316577653,6440.061530866578,25.856458318647956,206.2618301523994,252.2727124554222
C0051884,INTER,2019,S3,Privado nacional,231.16139932965189,6.60642656736694,125.9543262007235,286.41751775731296,2.1675576926615965,9.423636632658734,5.68066939887879,280.44474709609347,4.5196964637821955,141.63231872417845,4.042391201221517,262.69447006674716,67.57545076164182,7.492380870754439,34.86024728462853,6.294735401452598
C0010045,BRADESCO,2020,S1,Privado nacional,24149.998788972887,35.741327957398,58.068908089111424,218.735270624762,19.285793280542833,13.585566492163377,10.079320887210093,204.1249117366358,6.5792510017536765,119.16913297707362,7.256410714975411,172.351459911497,140.74557235287517,9.973435005091934,10.924941939817966,9.499770121641827
C0010069,ITAU,2020,S1,Privado nacional,24731.413171886154,49.06648312436743,69.4362206738204,394.11585013703746,39.91119052193315,12.011987518628343,12.558018172527943,347.3844399083188,7.582685615921269,312.769423694595,12.931237704109071,206.04140922461005,246.06427689010513,14.42652334882494,12.679998651593817,16.73108295976815
C0010083,SAFRA,2020,S2,Privado nacional,4048.378346608314,81.81111998292309,161.1807524821352,912.1385116325825,199.255959124472,29.22003942027625,27.229571075047044,527.1680260228434,23.96227574360443,848.7568540330914,27.74271614490576,943.9353376399831,1027.9563597752808,19.04013425712438,43.72675888142013,21.596344922454723
C0020107,JP MORGAN CHASE,2020,S3,Estrangeiro,1132.11666639294,30.23164194385768,1997.9114225984972,3985.0027026054463,16181.775594768793,74.73135503238194,0.0,22161.391174087523,160.16857644475314,10671.451056313183,181.37930692806597,1228.3308880609184,7890.814498693305,50.3054230241446,-218.36882475449562,335.22955378917163
C0020152,MERCANTIL DO BRASIL,2020,S3,Privado nacional,614.7283241362013,12.30805953775539,33.0524157687912,259.8648674591497,0.8557117533348654,18.65009539763492,6.654375256436069,109.93028816612153,4.9037456634355765,40.0013011353693,1.1680726486593094,187.17145929430603,36.474104084611305,10.435328220858159,66.5325445205602,8.291236216327652
C0030159,BANESTES,2020,S3,Público,467.8313731950625,4.1249107526264135,21.517900686307534,198.8715302742076,2.7038982059658725,3.8784822462860573,4.179584559687765,161.16862304169933,2.9101972255259843,115.72616470343768,2.6128891021878977,60.69450744613103,159.67167365584618,1.1887052544312444,11.297386661231364,4.360258788602459
C0030173,BANRISUL,2020,S2,Público,2861.734220724693,7.689427088657013,21.600082295278153,158.77639749320483,8.743108625159632,7.622902541189315,8.5227686987216,61.89028625369439,1.882997445975935,63.51857888391091,3.712188909846294,89.06591096087372,83.91439768447268,1.3990871041742616,13.21525961789969,3.225703066076326
C0030290,BMG,2020,S3,Privado nacional,358.8461105043846,71.33942170477793,184.86279035101924,586.9636422448239,36.04296366418331,32.47340293558354,27.856850420427765,226.3718045808534,14.73437225140446,259.537233705308,16.95537743509991,454.96054221209437,393.70009092345674,36.66294111100877,171.99708620624676,3.074131888356162
C0030379,SANTANDER,2020,S1,Estrangeiro,9054.475384117675,11.288880550326601,39.57545230048497,188.808600165542,34.91094032249823,9.874299120766313,10.81345296261845,185.38282296423765,6.813152044649356,193.80714916640432,7.627628273749234,167.2328114061304,135.25604993070633,7.6019466853004545,12.376376553699043,7.566300607500619
C0030403,CITIBANK,2020,S2,Estrangeiro,1201.7085546852206,5.679548442725612,170.87039841272212,543.4464318060523,326.46082256948233,2.61375253534741,4.294392762022195,832.3819716165249,20.54060106760547,928.5984646176549,28.11126971811431,379.0681978648149,678.8867609663922,3.79640629377871,46.68474638753475,20.182460393603904
C0030771,UBS (BRASIL),2020,S3,Estrangeiro,1487.899566218448,208.31807540694925,7459.26340201881,4601.589078310461,12298.558175654847,130.20794587343732,264.9251836276327,51803.37789416204,1163.5312440705018,50962.07016558739,1316.2667302706823,16222.802345990576,17291.697834055456,-77.73767524044004,636.1158069130437,1938.4955727178196
C0031873,SOFISA,2020,S3,Privado nacional,135.33850133503387,6.425585990179996,67.53650714106963,345.2429276068935,5.811030178947499,4.102403818870173,7.593407173621893,137.08003259674646,11.067697091041035,95.32107869573487,11.478722982640765,411.17169470695967,138.77718199801282,3.2200331207157227,33.37970760110808,4.763373737931081
C0031976,BRB,2020,S3,Público,1127.2663318794998,6.8822192591232945,21.602563273095356,175.66845650325553,39.244612549176225,5.020677622909634,4.622223568951265,61.626945556789885,4.910420949958992,32.56873936741033,4.870395198900772,163.01803789609926,39.40368380110486,2.275439199835382,24.472916732198662,2.663825280294124
C0032119,CCB,2020,S3,Estrangeiro,222.22813069833722,5.750438446999444,186.440294024232,953.2855432908266,772.7384618092309,83.79000875838426,76.95018245300871,758.2902418656743,-79.91054346475595,849.9296204733943,-0.8409039400742534,1274.0551297986851,836.7890097847288,49.21092511195498,71.62414855266331,9.374103856487269
C0041856,ABC-BRASIL,2020,S3,Estrangeiro,329.4951960818488,49.947559119019985,576.0759152123246,1268.8419841796756,1321.374587126837,86.65603573920694,61.71713477188244,2036.1114861069102,43.266998643053604,1992.8355413857287,75.57683251555606,2476.5712507265453,1296.0043549414384,32.362361579394346,56.87951490536824,39.039240663345694
C0049906,BB,2020,S1,Público,28979.68047666245,10.915407717358255,36.043730533405984,185.1977347646488,30.623037911975388,13.188905014456244,13.584867366360662,246.60719746679246,3.9336489503452685,234.00947124601308,5.957531843134043,183.97395679000456,90.48769981620423,7.992085321557726,13.397190217961477,7.254573799454241
C0049944,BTG PACTUAL,2020,S1,Privado nacional,1236.4366864413116,1488.3820575854847,2757.5808381201537,6306.082234920395,843.2959910701886,219.4195273187844,2616.276942544831,11057.135375022302,345.85643403874496,124596.26753400959,5366.579128980176,3256.5060133300435,10133.101816976541,28.17133993167907,19.045404067632404,396.6217847443746
C0050201,MASTER,2020,S3,Privado nacional,78.29113194675533,61.47490041524757,283.26750439905004,3007.851109836844,0.0,38.43428767590504,21.98908593240372,2496.404459275046,47.09212919636122,958.465549595705,27.519193734307716,2198.3056566494947,739.4460807033068,15.053608173077414,393.61019658655033,5.948936163629583
C0050304,PINE,2020,S3,Privado nacional,116.86590475145802,840.9818431541362,1064.8879718863755,9131.691393022953,794.4960918824913,369.817205245909,129.9063306285598,3529.1895807110654,-85.47032108348195,627.7689998682274,-33.81444648220942,4895.60192049028,10095.380585282606,-43.040897512859054,77.54354294514756,46.141571353079556
C0051011,VOTORANTIM,2020,S2,Privado nacional,1624.5926398395648,1018.5502725781824,4815.435739335819,9920.771607402441,3487.477939613471,2890.141752208039,664.2070444119043,12317.423947793957,476.7292830907104,2491.280447418214,178.1679731696626,22986.173459804097,17044.38405544733,1372.1639480465838,2902.1542405252385,620.471364888806
C0051255,BOFA MERRILL LYNCH,2020,S3,Estrangeiro,882.1679815197671,61.28135680167399,4308.192200099252,13870.662874253905,730.5635553662603,0.0,0.0,23980.837445691403,596.4245821200759,14416.00595622848,610.687923083063,1436.0496966110352,12056.142075115222,1.7216637868944054,1714.327847967303,1605.9194557736623
C0051750,BANCO SICOOB,2020,S2,Privado nacional,199.62178105849986,107.25065671180593,684.0083543919739,3660.5835804129742,16255.195459207589,47.702712871852206,32.16674995776089,17342.88151920656,54.08181495267274,10863.352496472968,45.75538951027286,4226.6635583458365,5855.957127122983,19.266713586583535,241.90692286191884,248.36080353749472
C0051884,INTER,2020,S3,Privado nacional,292.04606542248695,21.751882902462036,246.52302820617166,930.2897434545947,5.805147256103918,15.194095608007453,9.423636632658734,565.4660685894171,-0.4864873546878734,280.44474709609347,4.5196964637821955,633.3337974512949,446.7899004454069,15.98343475916587,55.593298477426025,15.09862479350692
C0010045,BRADESCO,2021,S1,Privado nacional,21527.534769116057,34.05677065248517,60.606822938722516,232.67495871156763,22.206918733634286,15.242292123478,13.585566492163377,182.49664594416853,8.976038423996764,204.1249117366358,6.5792510017536765,209.29408063725515,165.89845332936076,6.218274178496649,23.638865833721724,10.10650864791857
C0010069,ITAU,2021,S1,Privado nacional,21885.390392037796,44.76282390690071,64.61123112391681,369.3736594432049,41.16722930954511,11.99944234962772,12.011987518628343,290.8171505351447,11.42911888658876,347.3844399083188,7.582685615921269,219.84428242490677,214.47594712411347,7.61913153613117,30.24800409143285,15.869835683863567
C0010083,SAFRA,2021,S2,Privado nacional,3834.6400457858176,75.99526134123927,155.67414236754144,768.2729764980998,171.87258442408248,26.899947987285394,29.22003942027625,701.8903048596102,22.22091013962727,527.1680260228434,23.96227574360443,1028.3067124261572,766.2125213183274,9.702920979955492,69.4726942985019,24.58578407169686
C0020107,JP MORGAN CHASE,2021,S3,Estrangeiro,1122.5497472189104,29.377902509602226,2784.6179898895753,5650.820145644553,20851.306206840793,82.06556441688456,74.73135503238194,28228.251431959132,443.2451030846075,22161.391174087523,160.16857644475314,1554.6071659044558,13978.550727256215,-5.58200957942161,652.3827085449742,519.1174979579845
C0020152,MERCANTIL DO BRASIL,2021,S3,Privado nacional,600.6155007876067,21.823854809990177,58.00090273692175,454.27055175617437,11.637858697699555,26.27984333730325,18.65009539763492,136.42454826790672,9.276852953004228,109.93028816612153,4.9037456634355765,414.60449610774293,56.689079974186406,19.255955149929488,112.06923377709029,12.152735565414948
C0030159,BANESTES,2021,S3,Público,417.1720218579271,4.064113331597646,22.01469012369204,213.7511156360792,4.162130583055197,3.465934550095981,3.8784822462860573,168.8748502773098,2.919386322411578,161.16862304169933,2.9101972255259843,70.85668328691877,155.72760542671662,1.233861954150953,11.106662079530391,4.0124934415307125
C0030173,BANRISUL,2021,S2,Público,2238.5590158649943,7.588223465454818,20.95672805769867,147.45236999587252,8.822600596313132,6.390024460012437,7.622902541189315,61.12546199469058,2.1971697970222412,61.89028625369439,1.882997445975935,88.19696610419125,90.26691898838445,-0.009791242827813946,10.366209906607637,2.3177737513028482
C0030290,BMG,2021,S3,Privado nacional,339.1462340481778,52.438153446357056,153.01167905249324,695.6565261886861,25.357539946126998,30.77470525009934,32.47340293558354,249.83223786904165,9.582281384845468,226.3718045808534,14.73437225140446,448.63827240047226,485.70452467949684,36.5763640738419,160.21051689490008,3.2898699623190213
C0030379,SANTANDER,2021,S1,Estrangeiro,7769.166170546776,10.741728266361225,37.29322139521242,184.46431914421186,43.644214760400175,11.572793869063005,9.874299120766313,153.24052721079667,7.001797413607914,185.38282296423765,6.813152044649356,170.59588861470118,125.20745624957488,6.883652760938784,23.123103300779615,7.675959280211404
C0030403,CITIBANK,2021,S2,Estrangeiro,1191.4641054405477,10.621129105463256,246.75851901568603,1090.9494050779085,523.4233916806892,2.6206323439120047,2.61375253534741,1649.694594254822,39.34729957855761,832.3819716165249,20.54060106760547,672.1874598992961,1158.7236770601608,-1.5188953771777784,65.5319884479848,32.738629902441104
C0030771,UBS (BRASIL),2021,S3,Estrangeiro,1323.1746570157377,800.3684509502004,6944.019077687265,4448.205741944311,16420.037993322323,59.18045439562488,130.20794587343732,24812.990669221486,72.38269332075407,51803.37789416204,1163.5312440705018,12183.78233689859,15767.09037751351,-64.52761125589284,-549.3007446374841,1481.7529563636053
C0031873,SOFISA,2021,S3,Privado nacional,152.87546227377302,6.15534178572799,60.31954453559952,386.72308227284464,82.75538064213089,6.400504348107593,4.102403818870173,132.4150392822782,11.19097232102017,137.08003259674646,11.067697091041035,426.50326756261643,180.8922219988739,3.8936745567452222,35.02288924820516,4.064644986201402
C0031976,BRB,2021,S3,Público,1110.8846728072288,11.484717234975268,24.256302201716256,174.6263879264902,16.865853545405137,8.78348772170459,5.020677622909634,35.90181037005135,5.149151061142018,61.626945556789885,4.910420949958992,190.368012747177,54.926462450029156,6.30526040442724,21.181070251702028,2.509309655863689
C0032119,CCB,2021,S3,Estrangeiro,216.59095350558405,3.2647644532221802,164.46346325429343,780.3584810115335,725.505403191311,47.93632217301806,83.79000875838426,797.894402387411,-0.9134122467570756,758.2902418656743,-79.91054346475595,1126.6601654706135,609.3896218942658,2.677667522169155,39.96790857071797,6.617862264319723
C0041856,ABC-BRASIL,2021,S3,Estrangeiro,335.9805672288751,77.9403290279626,504.4312974355395,812.863338180628,1337.5112627153605,68.14016490558848,86.65603573920694,1574.731701806818,61.81041053971207,2036.1114861069102,43.266998643053604,2127.754572905438,1529.7049475588565,16.12913150666674,36.57561226315106,39.21656301529082
C0049906,BB,2021,S1,Público,26536.626489815593,11.231726346746118,40.26323910851517,200.48545756718352,27.37912023434296,12.192222161337323,13.188905014456244,260.656925395343,5.927559734954388,246.60719746679246,3.9336489503452685,206.99473924144775,103.44518473372928,5.527115867741778,15.826290841161432,7.008006583367271
C0049944,BTG PACTUAL,2021,S1,Privado nacional,2509.5235927231142,1046.1929254049182,2441.3230190506815,7057.614748182731,783.9126080646924,225.5039827632969,219.4195273187844,8133.140226670738,393.671306634154,11057.135375022302,345.85643403874496,4848.6709914084795,8567.826617904788,104.71057915813286,702.7138928458302,394.0829257426743
C0050201,MASTER,2021,S3,Privado nacional,88.31202101459525,61.8166816799754,384.7049078072142,5045.638044733289,0.0,68.01916629796533,38.43428767590504,3074.8991358688013,81.86402177283972,2496.404459275046,47.09212919636122,2339.194676751468,2032.171999579896,38.815204926000824,498.45836190864645,6.776080296075994
C0050304,PINE,2021,S3,Privado nacional,106.3809255307897,846.7778434263995,925.8466762214547,7936.3899742823105,681.9051634740346,324.06768916863774,369.817205245909,3045.433126168327,7.060809172417262,3529.1895807110654,-85.47032108348195,4739.678164637533,10266.160346005521,-8.867840272931607,209.072233354554,40.30465026662964
C0051011,VOTORANTIM,2021,S2,Privado nacional,1606.0659346471627,670.8183814731087,2834.9494345790677,5627.5831845571465,1533.4690669390445,1682.8449415349485,2890.141752208039,6176.364640989904,371.663065967597,12317.423947793957,476.7292830907104,13274.752516261815,9153.221114442422,678.5173318876754,1811.0722430347075,350.3609636933127
C0051255,BOFA MERRILL LYNCH,2021,S3,Estrangeiro,1017.7496700293594,42.226538365082554,4505.740945870103,13614.01616600058,195.0415916526587,0.0,0.0,22352.172009273636,724.3501678804452,23980.837445691403,596.4245821200759,968.2186014412557,12654.269035876183,0.04797738541978596,2010.063281238872,1586.7162177852078
C0051750,BANCO SICOOB,2021,S2,Privado nacional,185.54631048106356,114.93553278793495,735.050944336963,4423.293248965919,13646.085553701065,42.15734089059681,47.702712871852206,13256.509177773598,65.62785470820545,17342.88151920656,54.08181495267274,4856.213891219458,6547.404609417113,22.29667148267578,246.64850181391162,297.98999084073427
C0051884,INTER,2021,S3,Privado nacional,491.12022612278736,45.19467883618898,560.4494458022235,1213.815855985988,10.110983386271371,30.36056649856069,15.194095608007453,813.7282670548624,2.3092272575936654,565.4660685894171,-0.4864873546878734,1088.7919980983797,864.4875839068314,30.80788333561927,101.36825505845948,31.339584198627392
C0010045,BRADESCO,2022,S1,Privado nacional,21435.460462908348,34.27356686883832,60.24570871783768,228.07707751975536,22.25987842761469,22.116668119585068,15.242292123478,201.4128360918755,7.867811259176838,182.49664594416853,8.976038423996764,209.97622782037269,160.67042154890692,11.991289867889504,21.683380583720417,9.963624737183242
C0010069,ITAU,2022,S1,Privado nacional,22688.269688556236,52.74682176397725,72.9543226163395,389.1380088523911,50.175897125904086,18.031608418680722,11.99944234962772,334.61174046428454,13.157912528016313,290.8171505351447,11.42911888658876,253.87611367440098,273.30800695661526,13.89918790176024,36.775404790419934,16.559341367212824
C0010083,SAFRA,2022,S2,Privado nacional,3969.291807936747,75.74203833212995,166.03495328355862,680.8129068421895,166.14443669312044,48.454644687631664,26.899947987285394,673.4425122524874,19.951307192431962,701.8903048596102,22.22091013962727,967.3055409278816,659.3097881487024,30.39732332334268,67.92224856347492,22.794043507597173
C0020107,JP MORGAN CHASE,2022,S3,Estrangeiro,1114.2538733841416,32.3648574893143,3106.638087615578,5857.212834589997,16622.0649964634,0.0,82.06556441688456,24005.526983437157,567.6210525158926,28228.251431959132,443.2451030846075,1205.9253274452587,15139.533187731833,-48.071976456684986,-711.0983638267579,333.1521671471187
C0020152,MERCANTIL DO BRASIL,2022,S3,Privado nacional,544.2420631744643,234.5316789152638,722.105235746133,5990.090276122039,81.23186542137269,272.8959440234277,26.27984333730325,1860.5293811679917,109.78835259286878,136.42454826790672,9.276852953004228,5732.723964989798,511.0971030574882,174.83989439543544,1319.7206617175045,161.9947972956818
C0030159,BANESTES,2022,S3,Público,426.6619813976607,4.1683827258792405,22.96533881173487,228.28431583688734,3.2928719155353403,3.5698531917660072,3.465934550095981,85.62242310973043,3.7240588591746198,168.8748502773098,2.919386322411578,86.01275978789576,242.43493648471087,1.9165363813638672,13.381442518810726,4.004479530123086
C0030173,BANRISUL,2022,S2,Público,2336.7891794131438,8.591442174830403,20.692223159732794,145.3327650584478,13.359519907924021,5.548324403166784,6.390024460012437,56.046175033320424,1.5712823599659245,61.12546199469058,2.1971697970222412,102.13070375744736,86.27603448851065,0.13848976011097366,8.293704989116186,2.099182213143378
C0030290,BMG,2022,S3,Privado nacional,370.0432104903841,57.10996683949361,143.72828519503204,901.282959277208,35.840921860927324,34.72789013558678,30.77470525009934,355.71938203062723,8.251025485045506,249.83223786904165,9.582281384845468,590.3303063281315,440.9697266977389,44.47886375789728,163.7626767574035,5.6480227057154275
C0030379,SANTANDER,2022,S1,Estrangeiro,7591.750343739696,13.404595423489528,35.96670761753331,177.3062201374334,36.20292764346342,16.59685231869943,11.572793869063005,175.4723523429285,5.485356388056278,153.24052721079667,7.001797413607914,160.10919522449288,104.81718858986076,10.016061677196952,19.278058524315483,7.208691152965704
C0030403,CITIBANK,2022,S2,Estrangeiro,1258.9707191191458,11.11014615075747,252.98875183831333,1304.796714782006,428.67154746912377,0.7776297540456406,2.6206323439120047,1921.6506433728553,55.381477006257846,1649.694594254822,39.34729957855761,615.6347072766878,1424.523502240422,-0.46508597588874045,88.12465832820376,29.97108216056579
C0030771,UBS (BRASIL),2022,S3,Estrangeiro,657.0598341291321,296.7270509182094,7030.909376284417,2715.076197280577,10097.19271534932,44.29339591841303,59.18045439562488,15944.943982175088,1020.1334430290959,24812.990669221486,72.38269332075407,6941.050490651186,18748.773750321514,-21.98261086591441,489.47639093702224,1300.7103573970435
C0031873,SOFISA,2022,S3,Privado nacional,210.45273389758194,5.695365144972637,58.73122576664815,392.87583241597486,93.68827489198766,8.275231114437176,6.400504348107593,131.87085306206583,9.376294898192883,132.4150392822782,11.19097232102017,415.12506325364757,226.79809914501638,5.086556934688364,44.22027980201272,4.190971940170499
C0031976,BRB,2022,S3,Público,1163.4252845573549,7.82705475022877,19.50681567409639,235.94873334949025,3.291835284083808,7.379122230524497,8.78348772170459,41.585782613658616,2.6818499863726104,35.90181037005135,5.149151061142018,249.5117368069724,51.17239475516505,4.070718578036307,20.596052964465088,2.589271381687162
C0032119,CCB,2022,S3,Estrangeiro,214.91191414923645,2.1131210279940116,150.21426092786274,585.7361905979287,707.4435185980011,33.56348480324871,47.93632217301806,730.6421109284105,-1.4634793262255368,797.894402387411,-0.9134122467570756,1093.0993944582563,628.4292706159121,-0.043569765197287974,39.109185613792285,6.038536085928316
C0041856,ABC-BRASIL,2022,S3,Estrangeiro,435.08533888536715,78.0639813188206,474.7768718175177,900.7125030935313,1001.4156591513156,80.69621992960334,68.14016490558848,1690.8022306147611,72.98824388311154,1574.731701806818,61.81041053971207,1923.583426957014,1390.4821715124374,16.194458087354537,73.27016113715698,35.71044366501764
C0049906,BB,2022,S1,Público,24860.19656339188,11.802208346119464,42.42042308626385,207.1241211104135,24.27249650365205,13.726381928962965,12.192222161337323,217.47922533061075,8.624747897758688,260.656925395343,5.927559734954388,215.99100343218652,117.29863513345394,6.50109998438034,18.868834453806233,7.042048281410836
C0049944,BTG PACTUAL,2022,S1,Privado nacional,2794.1725487964104,1381.1463002293142,2437.0085042412784,6819.28521396837,1195.5749280876366,448.4613404583512,225.5039827632969,9803.82374528208,429.1466056043346,8133.140226670738,393.671306634154,4574.5109375922,7153.415270943327,207.0777290392727,568.8559833368278,382.4013380659803
C0050201,MASTER,2022,S3,Privado nacional,123.0805667778737,191.16393568567943,857.1541789879572,9587.271698618853,72.10999735645329,93.02991546070439,68.01916629796533,5262.26862992845,115.37571571816467,3074.8991358688013,81.86402177283972,5263.253991043423,3860.2562799794573,7.563217955664555,558.3554412301388,25.206471987144237
C0050304,PINE,2022,S3,Privado nacional,109.43436294505821,380.83509963888525,475.5509438159438,4408.913639873078,36.87354877451823,198.376126731766,324.06768916863774,1633.5078144072404,22.3824280298863,3045.433126168327,7.060809172417262,2739.48049246421,4497.028625825272,18.78670709801857,125.29063602990027,23.60216306329934
C0051011,VOTORANTIM,2022,S2,Privado nacional,1823.797420201417,539.6889206667897,2821.1465880358205,5136.011460483105,1617.7278588639772,1480.974407574693,1682.8449415349485,4890.914265984669,319.91668560425217,6176.364640989904,371.663065967597,12945.403421711553,9529.580392280643,565.298259755374,1272.6573801116015,305.1718992140994
C0051255,BOFA MERRILL LYNCH,2022,S3,Estrangeiro,973.0599054895231,64.66641125222193,4936.457370054432,12303.671003974012,363.6928891921761,0.0,0.0,18334.49503261438,1014.0498393146572,22352.172009273636,724.3501678804452,1222.1812312943512,16444.49409381584,1.9884724787747776,2770.5804981464917,1292.5051367489154
C0051750,BANCO SICOOB,2022,S2,Privado nacional,209.4768039157057,167.8733821775074,879.5626828481946,4542.644167707082,17792.337682728394,56.26968682118601,42.15734089059681,16610.289540374095,128.70309347653128,13256.509177773598,65.62785470820545,5717.358521391334,8204.541656068694,34.007080917003286,187.00982897301586,354.30917002863026
C0051884,INTER,2022,S3,Privado nacional,666.2452626439682,95.8208697810041,430.5102574923028,1434.0141223968947,46.77129411426455,64.23921633444346,30.36056649856069,1095.0582385587054,-5.447457312327108,813.7282670548624,2.3092272575936654,1303.7251338922395,767.8733408207721,66.33689587824765,138.8529668620474,46.25299378519109
C0010045,BRADESCO,2023,S1,Privado nacional,21280.13744602779,33.38673905708966,64.07307262334659,241.9022529233692,19.185478641416037,23.020003093166125,22.116668119585068,241.677017660754,5.864312714794373,201.4128360918755,7.867811259176838,202.9536260672491,163.6574090601345,14.26928807553892,22.09694731141834,9.960674490552462
C0010069,ITAU,2023,S1,Privado nacional,22633.584416916896,61.42901584286916,86.77918058024456,450.2950369545741,46.79655852651995,18.615228098739617,18.031608418680722,396.3524148997327,15.425773726785554,334.61174046428454,13.157912528016313,280.6809849095132,339.0021255940118,16.56291645155952,40.290784546794505,17.482791909818257
C0010083,SAFRA,2023,S2,Privado nacional,3480.296169686208,72.25094453541192,215.7469091345752,658.685106214353,151.02380986991162,44.18655873134065,48.454644687631664,618.6956842644931,25.81602805486023,673.4425122524874,19.951307192431962,868.2154980240547,823.4313541814079,19.93542076717502,69.91603980720708,18.143178129985955
C0020107,JP MORGAN CHASE,2023,S3,Estrangeiro,1128.13964389692,30.431755765514666,3473.1267601748077,9238.893384120289,13332.763132713155,0.0,0.0,27284.961289213203,541.2580665964431,24005.526983437157,567.6210525158926,1133.255590738984,12114.093041968234,3.403851203581334,-182.4358399964461,396.0023703716906
C0020152,MERCANTIL DO BRASIL,2023,S3,Privado nacional,571.618530562936,592.624037647168,1659.308038340728,14233.072955403573,572.342597710352,522.5757876955839,272.8959440234277,4681.424186711144,439.06551944888,1860.5293811679917,109.78835259286878,12802.636757701845,1344.270572010384,448.75326450207206,3183.7149572577837,351.791085512512
C0030159,BANESTES,2023,S3,Público,439.15104056939197,6.533919611841934,25.349213374326595,256.90347306601626,3.771212870291165,4.011187539845978,3.5698531917660072,60.55943189880094,4.238914721783648,85.62242310973043,3.7240588591746198,104.91014919575517,308.1088007546443,2.3330305067352963,15.798038185442193,3.8005588877138456
C0030173,BANRISUL,2023,S2,Público,2247.483141698032,8.807518275064771,20.23663104697803,144.89174797813087,11.017549496008256,6.061357921588797,5.548324403166784,59.99399176042499,1.8221412043797347,56.046175033320424,1.5712823599659245,106.20522534332217,89.79822444509126,1.0007177029294971,11.492380078595122,2.0450827268563865
C0030290,BMG,2023,S3,Privado nacional,342.86214810565605,66.03598319578143,145.90800031798798,999.8682341860318,26.202005207478855,28.94399107343171,34.72789013558678,349.61904509094524,7.607827432049192,355.71938203062723,8.251025485045506,622.7836126874336,396.87308450444,50.46048033724058,172.3396046230614,8.304488224944
C0030379,SANTANDER,2023,S1,Estrangeiro,7675.735924031128,13.200759982388824,35.892190821444714,194.02002301659644,38.40427165283374,16.115633368214116,16.59685231869943,186.8292735238531,3.7398427491755477,175.4723523429285,5.485356388056278,164.07298338286768,117.884922843111,10.697134511418422,17.822265182710794,7.295537566895068
C0030403,CITIBANK,2023,S2,Estrangeiro,1417.3120739817277,12.282352216710901,250.68173445806005,1352.917448714444,628.064449548989,2.27442859437396,0.7776297540456406,1995.2131264045715,49.31291344339739,1921.6506433728553,55.381477006257846,678.2718608557251,1384.6715451103007,1.8922825838131765,75.81627857720267,28.470693386943687
C0030771,UBS (BRASIL),2023,S3,Estrangeiro,849.0637761023839,46.504607989407994,6292.8025554093765,1617.1761497297919,1775.633531377672,32.460367235903995,44.29339591841303,9648.828990744109,121.1877342524398,15944.943982175088,1020.1334430290959,4622.663091162767,8471.033160279569,-11.252418483808,560.3270133446961,667.553842086392
C0031873,SOFISA,2023,S3,Privado nacional,253.80636587060798,5.76590947182,56.5086744216692,504.22407723640436,73.091401688438,15.875093073770795,8.275231114437176,158.7665604151756,6.821863320506805,131.87085306206583,9.376294898192883,414.45048988178235,304.0622316714148,12.961504962198001,45.4686731986,4.9608084632168
C0031976,BRB,2023,S3,Público,1246.162816059512,13.533683613708773,21.88564922837929,269.51184937786695,3.5801062353084516,8.913188560541483,7.379122230524497,56.59204372078176,1.7196730000991463,41.585782613658616,2.6818499863726104,276.16045859540463,65.75797172074483,6.180567947765032,26.48913459399645,2.584615592806193
C0032119,CCB,2023,S3,Estrangeiro,184.08640992596796,1.932839278232,210.806751282804,582.4566875084588,516.3484949078189,19.089936205374,33.56348480324871,741.5029832418719,-2.5407764140331976,730.6421109284105,-1.4634793262255368,1106.0031644987848,671.631268744913,-0.6014407002839988,35.21264498611988,4.3987632648320005
C0041856,ABC-BRASIL,2023,S3,Estrangeiro,478.98019663872,101.93052066933133,509.2746287335693,869.3830140962801,959.551516464784,89.16530578123933,80.69621992960334,1450.012916969996,73.86053797897826,1690.8022306147611,72.98824388311154,1774.9282124121826,1856.5435380977685,26.332959285604662,90.19578990244759,28.783129774577333
C0049906,BB,2023,S1,Público,25652.3532650393,12.043045672676268,42.81090168704184,211.70969870429394,22.360723815007585,15.751639081771431,13.726381928962965,213.13126196640826,9.051799642793128,217.47922533061075,8.624747897758688,223.47346354664325,121.95369967439706,8.496318276437085,22.014345622675282,6.830809845754235
C0049944,BTG PACTUAL,2023,S1,Privado nacional,2931.387998766136,1613.2594614824804,2143.1133087698245,6052.741660168086,1031.0888823211085,258.03626678756797,448.4613404583512,7004.8081776738645,413.1795114205632,9803.82374528208,429.1466056043346,3119.231078157153,9302.523944833829,86.84134682696927,982.2933110877997,285.30179416630364
C0050201,MASTER,2023,S3,Privado nacional,190.31989561814402,147.39148146273865,826.5499706374934,10512.216444473945,60.39741342534399,179.85576416742666,93.02991546070439,4634.943132546136,184.4950142847547,5262.26862992845,115.37571571816467,5407.606668325114,5084.180862817605,91.98404597771732,690.573729217112,39.92028515207466
C0050304,PINE,2023,S3,Privado nacional,113.94498117828,385.562557209504,512.3231285631119,4662.281461657976,342.837960460076,109.50217748143199,198.376126731766,1771.9841005501567,94.12905681312347,1633.5078144072404,22.3824280298863,3307.480110962644,5699.239470606264,-6.788476654156,361.3263186342075,20.447097406492002
C0051011,VOTORANTIM,2023,S2,Privado nacional,1529.9195272848401,489.88933997360635,2795.8805842666748,5636.649083468926,1274.4027699594658,1375.9425276675997,1480.974407574693,5574.364144732734,239.5008456805264,4890.914265984669,319.91668560425217,13462.079832191022,10758.47785456172,786.3664362945967,1580.7383113804476,293.3523298373776
C0051255,BOFA MERRILL LYNCH,2023,S3,Estrangeiro,1153.908369256504,92.3220626248,5460.835704747352,16741.51120800328,464.20542918953595,0.0,0.0,20784.057550206304,973.9121967317978,18334.49503261438,1014.0498393146572,3124.2093570280963,12434.330504594238,9.492078920472,2536.7341020162803,1069.919952879056
C0051750,BANCO SICOOB,2023,S2,Privado nacional,247.582653633896,254.50467442274999,1086.4526869950741,4577.352577687579,22051.678617699443,69.953832827252,56.26968682118601,21410.052535975017,141.50344534201798,16610.289540374095,128.70309347653128,6671.071577671566,8899.020022325873,20.996168459395996,237.03189931688826,154.66764984589202
C0051884,INTER,2023,S3,Privado nacional,646.1045200844799,122.43914422104935,428.09302636394847,1874.632423409209,101.49405326335021,133.43574233285688,64.23921633444346,1328.2975801016967,11.371742077614194,1095.0582385587054,-5.447457312327108,1548.6683233494239,980.1886801848648,100.04772350813643,179.54981583638533,59.23937397340267
C0010045,BRADESCO,2024,S1,Privado nacional,21971.127951950002,38.60923696693275,72.53477052026463,282.80850419938827,33.61882681285033,23.891979903088934,23.020003093166125,290.0375422922517,8.302922915713653,241.677017660754,5.864312714794373,296.3693282830065,183.26964110961822,14.476344307106293,28.831409025665945,12.102813744308026
C0010069,ITAU,2024,S1,Privado nacional,22653.98138632,68.18401907145628,104.99999418835984,544.2027612114911,69.32631434448311,24.495569008951293,18.615228098739617,492.074189462654,19.200687927400647,396.3524148997327,15.425773726785554,532.4801443610735,417.94980860847915,16.021902313190854,45.89483375215209,19.554153371908548
C0010083,SAFRA,2024,S2,Privado nacional,3783.8783533600003,55.67856106703704,159.01409776074075,575.925296472,174.73887189303707,26.731962844444446,44.18655873134065,700.9571142408889,24.61770843696304,618.6956842644931,25.81602805486023,809.1156095132593,767.4375031438518,2.584954412666667,58.982167827851846,20.01305634385185
C0020107,JP MORGAN CHASE,2024,S3,Estrangeiro,1372.71240938,28.574056406666667,3794.6613662433333,7641.041526870001,6993.3180556199995,0.0,0.0,24691.044256463338,488.54027456332966,27284.961289213203,541.2580665964431,1075.1134327966668,11047.468392466668,16.806450426666668,870.4949500066627,402.7532532733334
C0020152,MERCANTIL DO BRASIL,2024,S3,Privado nacional,605.91339443,404.125154865,1062.89843224,8852.96497821,295.88769527500006,186.337775725,522.5757876955839,3062.8888142650003,377.26242569500005,4681.424186711144,439.06551944888,8377.864030405,1484.376390155,231.09696276,2108.265804555,142.50881632
C0030159,BANESTES,2024,S3,Público,460.20351871,8.29920207284091,26.786518945568183,260.78873579204543,2.56154613375,4.4082826323863635,4.011187539845978,83.369398864659,4.460080821136364,60.55943189880094,4.238914721783648,129.17435546545457,205.7432934175,2.679555835227273,16.25410460159091,3.840876955340909
C0030173,BANRISUL,2024,S2,Público,2274.52328312,9.036946028989899,21.033157786525255,175.65890664262628,14.190939257414142,5.243196790404041,6.061357921588797,56.05859491452522,1.8496478164848467,59.99399176042499,1.8221412043797347,120.02983735842423,117.27205411521213,0.8695409542424243,12.444898649212123,2.140962214707071
C0030290,BMG,2024,S3,Privado nacional,355.76075744,59.30556574928572,153.77650026464286,900.6065057249999,74.63322529714286,42.52673991464286,28.94399107343171,371.7572308110712,14.998740859285714,349.61904509094524,7.607827432049192,896.3627321875,465.2846499553571,42.77886551178572,217.42444577321427,5.710570177857144
C0030379,SANTANDER,2024,S1,Estrangeiro,7590.1325174799995,15.220425264895105,37.62167236187166,201.49480348824352,51.2105142884492,14.520863497482518,16.115633368214116,230.46571725661457,5.498123325051407,186.8292735238531,3.7398427491755477,209.7536046435006,142.1539211853147,9.188740977503086,14.405657321974491,7.975245185483342
C0030403,CITIBANK,2024,S2,Estrangeiro,1580.0866563099999,12.867675385957448,251.45169864234046,1715.627823465532,1003.0633979778723,16.766775747234043,2.27442859437396,2783.095863007872,48.68216479638297,1995.2131264045715,49.31291344339739,761.1656404423405,1687.4041484589363,12.096023716595745,117.27397558574471,30.465530740851065
C0030771,UBS (BRASIL),2024,S3,Estrangeiro,931.8570960799999,60.4219852,7039.3552444,1773.35128298,167.65885652,0.0,32.460367235903995,10567.97320686,531.4862601799999,9648.828990744109,121.1877342524398,3702.57913595,7810.70568586,6.134941390000001,410.49191651999996,716.41206282
C0031873,SOFISA,2024,S3,Privado nacional,269.34654729999994,5.752012733636364,51.03006072090909,543.5089495581818,55.21659031909091,12.79570317272727,15.875093073770795,140.37731981272736,6.37998391363636,158.7665604151756,6.821863320506805,358.6959096622727,360.0892119677273,10.835034336363636,39.62476288454545,5.331795402272727
C0031976,BRB,2024,S3,Público,1218.9896275300002,14.609141343364486,34.461041165607476,364.9614995694393,8.966759358878505,7.700318351028036,8.913188560541483,116.9520061970094,1.8291292204672895,56.59204372078176,1.7196730000991463,391.95723361261685,64.10645609560747,4.245301917476635,31.387321480467286,2.724262554579439
C0032119,CCB,2024,S3,Estrangeiro,170.17385049,4.9752881788888885,203.97503999555556,764.2218652644443,911.2915840333333,11.25035288,19.089936205374,859.9631829433331,-29.279725534444495,741.5029832418719,-2.5407764140331976,1505.9550015233335,503.5450571488889,2.918643031111111,29.04626707111111,3.2939973344444446
C0041856,ABC-BRASIL,2024,S3,Estrangeiro,482.55001381,111.30355654833333,535.5522908741667,997.1508112316666,1080.7438920633333,48.2779197825,89.16530578123933,1671.9558621166668,84.9809415625,1450.012916969996,73.86053797897826,1848.4625532516666,2583.9621753416664,14.037785049999998,114.95211914333332,31.598380848333335
C0049906,BB,2024,S1,Público,26282.681509349997,12.232707165246435,45.59431258994746,218.61231241377536,26.554052811233426,19.057108685769325,15.751639081771431,210.59933176882151,9.036353786319738,213.13126196640826,9.051799642793128,253.98407319174382,148.02231029782837,10.543678817800851,24.33694600325744,6.677001090395297
C0049944,BTG PACTUAL,2024,S1,Privado nacional,3206.40905992,1874.8842907392307,2316.7375507626925,6196.316199178846,1062.2280525584615,208.34535789923078,258.03626678756797,10817.346335231925,453.4379638126924,7004.8081776738645,413.1795114205632,5021.174511143461,8257.672546989616,67.39977370961539,738.7602843296154,301.3795720038462
C0050201,MASTER,2024,S3,Privado nacional,441.75893582000003,122.309486262,954.470637012,11889.031553466,85.822313104,285.47540072,179.85576416742666,6502.979532132,213.48188594200042,4634.943132546136,184.4950142847547,6597.684704784,6420.615096486001,93.93925130800001,602.1472824000002,87.40127380999999
C0050304,PINE,2024,S3,Privado nacional,125.95341832,461.108617,613.6036569349999,7098.42510389,470.21328035999994,167.004973765,109.50217748143199,2839.6533481749993,129.12422515,1771.9841005501567,94.12905681312347,4561.7157291700005,6528.992366195,15.372227899999999,393.193658655,11.276119415
C0051011,VOTORANTIM,2024,S2,Privado nacional,1566.9238999099998,450.08680780799995,2771.565260926,5882.017746383999,2522.9843411819998,1249.8380109260002,1375.9425276675997,7787.668694774002,341.5131887579996,5574.364144732734,239.5008456805264,13856.447225483998,7701.0698752,575.896195316,1711.858044096,328.828760276
C0051255,BOFA MERRILL LYNCH,2024,S3,Estrangeiro,1379.1700798699999,85.52820738,5956.72095729,21578.38545826,416.25594388,0.0,0.0,31625.823954920004,1023.991551610002,20784.057550206304,973.9121967317978,2257.45689249,16996.30864215,-9.308183889999999,3565.64740965,1320.2753751300002
C0051750,BANCO SICOOB,2024,S2,Privado nacional,244.14518012,355.36681421749995,1249.0531323675,5444.874976975002,24044.598564574997,106.676399905,69.953832827252,23330.55285336,147.960600685,21410.052535975017,141.50344534201798,8150.457653155001,10123.6104994,52.6063799525,374.476847695,81.22235588
C0051884,INTER,2024,S3,Privado nacional,703.2124659300001,242.70268525625,453.501509945625,2780.1785040006253,40.3272279225,158.924704138125,133.43574233285688,1674.0097569962493,34.5448032675,1328.2975801016967,11.371742077614194,2023.55275768875,1491.3487586075,130.64838931875,245.983254380625,82.152411958125
